Year,DNI,GHI,Estimate output(kW)
2015,185.65073612684031,176.3483578708947,N/A
2016,141.73756119776843,150.88386656040078,1.13385047513985
2017,183.25702857142858,178.1576,1.1879186839341045
2018,180.60611942002512,176.03664801918026,1.1856958130620274
2019,195.16552197802199,176.88850732600733,1.2084457067410506
